LUAS,PANJANG,JAM,INTERVAL_MENIT
0.366219306914,0.529728326598,0.363636363636,1.0
